{
  "opcode": "CSRRS",
  "counts": {
    "total": 9,
    "throughput": 9,
    "latency": 9
  },
  "stats": {
    "throughput": {
      "mean": 90.77777777777777,
      "median": 6.0,
      "min": 4.0,
      "max": 754.0,
      "variance": 61891.694444444445,
      "stdev": 248.7804141093998,
      "p25": 4.0,
      "p50": 6.0,
      "p75": 9.0,
      "p90": 169.20000000000013,
      "p95": 461.59999999999974,
      "p99": 695.52
    },
    "latency": {
      "mean": 1.4444444444444444,
      "median": 1.0,
      "min": 1.0,
      "max": 2.0,
      "variance": 0.2777777777777778,
      "stdev": 0.5270462766947299,
      "p25": 1.0,
      "p50": 1.0,
      "p75": 2.0,
      "p90": 2.0,
      "p95": 2.0,
      "p99": 2.0
    }
  },
  "ns_per_cycle": 10
}